article_id,title,content,category,author,publish_date,url
1,The Future of AI in Healthcare,"In Java programminm,g handling errors gracefully is essential to ensure smooth op,eration especially when dealing with data input and parsing. When retrieving data from a source like a CSV file values are o,ften read as strings regardless of the data type they represent. This means if you need, to work with numbers dates or other formats parsing and validation beco,me necessary steps. By carefully checking each data element for null values unexpec,ted characters or whitespace issues you can prevent many common errors. Adding safeguards in your c,ode reduces the risk o,f crashes and enhances reliability, while improving the overall user experience.",Technology,John Doe,9/15/2023,https://example.com/article1
2,Climate Change: Urgent Actions Required,"Climate change is impacting ecosystems worldwide, and immediate action is necessary to reduce carbon footprints.",Environment,Jane Smith,8/21/2023,https://example.com/article2
3,Advancements in Quantum Computing,Quantum computing promises faster processing speeds and new capabilities beyond classical computers.,Technology,Alice Johnson,10/3/2023,https://example.com/article3
4,Healthy Living: A Guide to Balanced Diets,Maintaining a balanced diet is essential for a healthy lifestyle. Learn about key nutrients.,Health,Bob Brown,7/29/2023,https://example.com/article4
5,Football World Cup Highlights,The latest World Cup brought exciting matches and surprising outcomes.,Sports,Charlie Green,7/20/2023,https://example.com/article5
6,New Discoveries in Space Exploration,Space agencies have recently unveiled new discoveries about our solar system and beyond.,Science,Emily White,8/18/2023,https://example.com/article6
7,The Impact of AI on the Workforce,AI is expected to change job roles and skill requirements across various industries.,Technology,Laura Black,9/10/2023,https://example.com/article7
8,Mindfulness for Mental Health,Practicing mindfulness can help improve mental health and reduce stress.,Health,Sam Blue,6/5/2023,https://example.com/article8
9,Top 10 Travel Destinations for 2024,"Explore the top travel destinations for the coming year, with insights on culture and attractions.",Travel,Chris Yellow,11/1/2023,https://example.com/article9
10,Renewable Energy Sources and the Future,Renewable energy is crucial for sustainable development and reducing dependence on fossil fuels.,Environment,Jamie Orange,9/25/2023,https://example.com/article10
